{"baseresponse":{"errcode":0},"json_data":"{\"update_time\":1528945205,\"android\":[{\"percentage\":57.3570434155,\"sdkVer\":\"2.0.9\"},{\"percentage\":0.00509218971808,\"sdkVer\":\"2.0.8\"},{\"percentage\":0.000374358518564,\"sdkVer\":\"2.0.7\"},{\"percentage\":0.000858054529473,\"sdkVer\":\"2.0.6\"},{\"percentage\":0.000275791585167,\"sdkVer\":\"2.0.5\"},{\"percentage\":0.000655698573492,\"sdkVer\":\"2.0.4\"},{\"percentage\":7.34356291865e-05,\"sdkVer\":\"2.0.3\"},{\"percentage\":0.000122719095885,\"sdkVer\":\"2.0.2\"},{\"percentage\":6.72343982775e-05,\"sdkVer\":\"2.0.1\"},{\"percentage\":5.1292649194,\"sdkVer\":\"1.9.97\"},{\"percentage\":0.000101504358565,\"sdkVer\":\"1.9.96\"},{\"percentage\":1.15771661069,\"sdkVer\":\"1.9.95\"},{\"percentage\":3.32908185646e-05,\"sdkVer\":\"1.9.94\"},{\"percentage\":4.17767134928e-05,\"sdkVer\":\"1.9.93\"},{\"percentage\":1.37079841148e-05,\"sdkVer\":\"1.9.92\"},{\"percentage\":9.95460751195e-05,\"sdkVer\":\"1.9.91\"},{\"percentage\":2.6110445933e-06,\"sdkVer\":\"1.9.90\"},{\"percentage\":1.75155039911,\"sdkVer\":\"1.9.9\"},{\"percentage\":1.04441783732e-05,\"sdkVer\":\"1.9.8\"},{\"percentage\":0.162272831287,\"sdkVer\":\"1.9.6\"},{\"percentage\":1.30552229665e-05,\"sdkVer\":\"1.9.5\"},{\"percentage\":0.067962879719,\"sdkVer\":\"1.9.4\"},{\"percentage\":1.5992648134e-05,\"sdkVer\":\"1.9.2\"},{\"percentage\":3.26380574162e-06,\"sdkVer\":\"1.9.1\"},{\"percentage\":1.30552229665e-06,\"sdkVer\":\"1.9.0\"},{\"percentage\":0.253545811613,\"sdkVer\":\"1.7.4\"},{\"percentage\":0.0356812298897,\"sdkVer\":\"1.7.3\"},{\"percentage\":1.95828344497e-05,\"sdkVer\":\"1.7.1\"},{\"percentage\":0.210922466911,\"sdkVer\":\"1.6.8\"},{\"percentage\":0.0420459774665,\"sdkVer\":\"1.6.6\"},{\"percentage\":3.00270128229e-05,\"sdkVer\":\"1.6.5\"},{\"percentage\":6.52761148325e-07,\"sdkVer\":\"1.6.4\"},{\"percentage\":0.00755636305301,\"sdkVer\":\"1.6.3\"},{\"percentage\":6.52761148325e-07,\"sdkVer\":\"1.6.2\"},{\"percentage\":1.95828344497e-06,\"sdkVer\":\"1.6.1\"},{\"percentage\":6.52761148325e-07,\"sdkVer\":\"1.6.0\"},{\"percentage\":0.160703919867,\"sdkVer\":\"1.5.8\"},{\"percentage\":2.6110445933e-06,\"sdkVer\":\"1.5.7\"},{\"percentage\":2.08883567464e-05,\"sdkVer\":\"1.5.3\"},{\"percentage\":0.0992151252173,\"sdkVer\":\"1.4.4\"},{\"percentage\":1.30552229665e-06,\"sdkVer\":\"1.4.0\"},{\"percentage\":0.0779530627135,\"sdkVer\":\"1.2.5\"},{\"percentage\":0.00429908492287,\"sdkVer\":\"1.2.4\"},{\"percentage\":3.26380574162e-06,\"sdkVer\":\"1.2.2\"},{\"percentage\":0.0621921447872,\"sdkVer\":\"1.1.1\"},{\"percentage\":1.30552229665e-06,\"sdkVer\":\"1.1.0\"},{\"percentage\":0.00787034116535,\"sdkVer\":\"1.0.1\"}],\"iOS\":[{\"percentage\":38.5497832208,\"sdkVer\":\"2.0.9\"},{\"percentage\":0.000130998308945,\"sdkVer\":\"2.0.8\"},{\"percentage\":1.22810914636e-05,\"sdkVer\":\"2.0.7\"},{\"percentage\":3.27495772362e-05,\"sdkVer\":\"2.0.6\"},{\"percentage\":8.18739430905e-06,\"sdkVer\":\"2.0.5\"},{\"percentage\":3.68432743907e-05,\"sdkVer\":\"2.0.4\"},{\"percentage\":6.14054573179e-06,\"sdkVer\":\"2.0.3\"},{\"percentage\":8.18739430905e-06,\"sdkVer\":\"2.0.2\"},{\"percentage\":6.14054573179e-06,\"sdkVer\":\"2.0.1\"},{\"percentage\":6.14054573179e-06,\"sdkVer\":\"2.0.0\"},{\"percentage\":4.09369715453e-06,\"sdkVer\":\"1.9.98\"},{\"percentage\":6.5244424167,\"sdkVer\":\"1.9.97\"},{\"percentage\":6.14054573179e-06,\"sdkVer\":\"1.9.96\"},{\"percentage\":4.09369715453e-06,\"sdkVer\":\"1.9.94\"},{\"percentage\":6.14054573179e-06,\"sdkVer\":\"1.9.93\"},{\"percentage\":4.09369715453e-06,\"sdkVer\":\"1.9.92\"},{\"percentage\":2.04684857726e-06,\"sdkVer\":\"1.9.91\"},{\"percentage\":3.56218789077,\"sdkVer\":\"1.9.9\"},{\"percentage\":4.09369715453e-06,\"sdkVer\":\"1.9.8\"},{\"percentage\":0.000368432743907,\"sdkVer\":\"1.9.6\"},{\"percentage\":2.04684857726e-06,\"sdkVer\":\"1.9.5\"},{\"percentage\":0.349548518934,\"sdkVer\":\"1.9.4\"},{\"percentage\":2.04684857726e-06,\"sdkVer\":\"1.9.2\"},{\"percentage\":2.04684857726e-06,\"sdkVer\":\"1.9.0\"},{\"percentage\":0.349772648853,\"sdkVer\":\"1.7.4\"},{\"percentage\":3.0702728659e-05,\"sdkVer\":\"1.7.3\"},{\"percentage\":0.61179485235,\"sdkVer\":\"1.6.8\"},{\"percentage\":1.84216371954e-05,\"sdkVer\":\"1.6.6\"},{\"percentage\":4.91243658543e-05,\"sdkVer\":\"1.6.3\"},{\"percentage\":0.408111927002,\"sdkVer\":\"1.5.8\"},{\"percentage\":2.04684857726e-06,\"sdkVer\":\"1.5.3\"},{\"percentage\":0.186814846223,\"sdkVer\":\"1.4.4\"},{\"percentage\":0.108177994157,\"sdkVer\":\"1.3.0\"},{\"percentage\":0.110937146039,\"sdkVer\":\"1.2.5\"},{\"percentage\":0.2455092526,\"sdkVer\":\"1.1.1\"},{\"percentage\":2.04684857726e-06,\"sdkVer\":\"1.1.0\"},{\"percentage\":2.25153343499e-05,\"sdkVer\":\"1.0.1\"}],\"total\":[{\"percentage\":52.8094791342,\"sdkVer\":\"2.0.9\"},{\"percentage\":0.00389258187455,\"sdkVer\":\"2.0.8\"},{\"percentage\":0.000286808798004,\"sdkVer\":\"2.0.7\"},{\"percentage\":0.000658497162631,\"sdkVer\":\"2.0.6\"},{\"percentage\":0.000211085336236,\"sdkVer\":\"2.0.5\"},{\"percentage\":0.000506060389921,\"sdkVer\":\"2.0.4\"},{\"percentage\":5.71637897661e-05,\"sdkVer\":\"2.0.3\"},{\"percentage\":9.50255206502e-05,\"sdkVer\":\"2.0.2\"},{\"percentage\":5.24620061923e-05,\"sdkVer\":\"2.0.1\"},{\"percentage\":1.48477376016e-06,\"sdkVer\":\"2.0.0\"},{\"percentage\":9.8984917344e-07,\"sdkVer\":\"1.9.98\"},{\"percentage\":5.46661652124,\"sdkVer\":\"1.9.97\"},{\"percentage\":7.84455469951e-05,\"sdkVer\":\"1.9.96\"},{\"percentage\":0.877782656882,\"sdkVer\":\"1.9.95\"},{\"percentage\":2.62310030962e-05,\"sdkVer\":\"1.9.94\"},{\"percentage\":3.31599473102e-05,\"sdkVer\":\"1.9.93\"},{\"percentage\":1.13832654946e-05,\"sdkVer\":\"1.9.92\"},{\"percentage\":7.59709240615e-05,\"sdkVer\":\"1.9.91\"},{\"percentage\":1.97969834688e-06,\"sdkVer\":\"1.9.90\"},{\"percentage\":2.18935953762,\"sdkVer\":\"1.9.9\"},{\"percentage\":8.90864256096e-06,\"sdkVer\":\"1.9.8\"},{\"percentage\":0.123124616599,\"sdkVer\":\"1.9.6\"},{\"percentage\":1.03934163211e-05,\"sdkVer\":\"1.9.5\"},{\"percentage\":0.136049819643,\"sdkVer\":\"1.9.4\"},{\"percentage\":1.26205769614e-05,\"sdkVer\":\"1.9.2\"},{\"percentage\":2.4746229336e-06,\"sdkVer\":\"1.9.1\"},{\"percentage\":1.48477376016e-06,\"sdkVer\":\"1.9.0\"},{\"percentage\":0.276813301051,\"sdkVer\":\"1.7.4\"},{\"percentage\":0.0270609916281,\"sdkVer\":\"1.7.3\"},{\"percentage\":1.48477376016e-05,\"sdkVer\":\"1.7.1\"},{\"percentage\":0.307852743969,\"sdkVer\":\"1.6.8\"},{\"percentage\":0.0318837842634,\"sdkVer\":\"1.6.6\"},{\"percentage\":2.27665309891e-05,\"sdkVer\":\"1.6.5\"},{\"percentage\":4.9492458672e-07,\"sdkVer\":\"1.6.4\"},{\"percentage\":0.00574112520595,\"sdkVer\":\"1.6.3\"},{\"percentage\":4.9492458672e-07,\"sdkVer\":\"1.6.2\"},{\"percentage\":1.48477376016e-06,\"sdkVer\":\"1.6.1\"},{\"percentage\":4.9492458672e-07,\"sdkVer\":\"1.6.0\"},{\"percentage\":0.220526765115,\"sdkVer\":\"1.5.8\"},{\"percentage\":1.97969834688e-06,\"sdkVer\":\"1.5.7\"},{\"percentage\":1.63325113618e-05,\"sdkVer\":\"1.5.3\"},{\"percentage\":0.120396592277,\"sdkVer\":\"1.4.4\"},{\"percentage\":9.8984917344e-07,\"sdkVer\":\"1.4.0\"},{\"percentage\":0.0261572593327,\"sdkVer\":\"1.3.0\"},{\"percentage\":0.085928559284,\"sdkVer\":\"1.2.5\"},{\"percentage\":0.00325957332814,\"sdkVer\":\"1.2.4\"},{\"percentage\":2.4746229336e-06,\"sdkVer\":\"1.2.2\"},{\"percentage\":0.106517917016,\"sdkVer\":\"1.1.1\"},{\"percentage\":1.48477376016e-06,\"sdkVer\":\"1.1.0\"},{\"percentage\":0.00597274991254,\"sdkVer\":\"1.0.1\"}]}"}